<?xml version="1.0" encoding="UTF-8"?>
<!DOCTYPE glassfish-web-app PUBLIC "-//GlassFish.org//DTD GlassFish Application Server 3.1 Servlet 3.0//EN" "http://glassfish.org/dtds/glassfish-web-app_3_0-1.dtd">
<glassfish-web-app error-url="">
  <class-loader delegate="true"/>
  <servlet>
           <servlet-name>ConnServlet </servlet-name>
           <servlet-class>controller.ConnServlet </servlet-class>
           <load-on-startup>0</load-on-startup>
    </servlet>
    <servlet>
        <servlet-name>LoginController</servlet-name>
        <servlet-class>controller.LoginController</servlet-class>
    </servlet>
    <servlet>
        <servlet-name>RegisterController</servlet-name>
        <servlet-class>controller.RegisterController</servlet-class>
    </servlet>
    <servlet>
        <servlet-name>LogoutController</servlet-name>
        <servlet-class>controller.LogoutController</servlet-class>
    </servlet>
    <servlet>
        <servlet-name>ProductController</servlet-name>
        <servlet-class>controller.ProductController</servlet-class>
    </servlet>
    
    <servlet-mapping>
        <servlet-name>ConnServlet </servlet-name>
        <url-pattern>/ConnServlet </url-pattern>
</servlet-mapping>

    <servlet-mapping>
        <servlet-name>LoginController</servlet-name>
        <url-pattern>/LoginController</url-pattern>
    </servlet-mapping>
    <servlet-mapping>
        <servlet-name>RegisterController</servlet-name>
        <url-pattern>/RegisterController</url-pattern>
    </servlet-mapping>
        <servlet-mapping>
        <servlet-name>LogoutController</servlet-name>
        <url-pattern>/LogoutController</url-pattern>
    </servlet-mapping>
    <servlet-mapping>
        <servlet-name>ProductController</servlet-name>
        <url-pattern>/ProductController</url-pattern>
    </servlet-mapping>
    <session-config>
        <session-timeout>
            30
        </session-timeout>
      </session-config>
</glassfish-web-app>
